{
  "project_info": {
    "project_number": "464618250750",
    "firebase_url": "https://covidcare-4e625.firebaseio.com",
    "project_id": "covidcare-4e625",
    "storage_bucket": "covidcare-4e625.appspot.com"
  },
  "client": [
    {
      "client_info": {
        "mobilesdk_app_id": "1:464618250750:android:1d1996dc148516044ce0af",
        "android_client_info": {
          "package_name": "com.care.covidcare"
        }
      },
      "oauth_client": [
        {
          "client_id": "464618250750-1q9hk9rqug7j4a7lvddgdlchemhbokj1.apps.googleusercontent.com",
          "client_type": 3
        }
      ],
      "api_key": [
        {
          "current_key": "AIzaSyBhTXz8-wNoUttEJg20B-JS2M8pEWNWqLE"
        }
      ],
      "services": {
        "appinvite_service": {
          "other_platform_oauth_client": [
            {
              "client_id": "464618250750-1q9hk9rqug7j4a7lvddgdlchemhbokj1.apps.googleusercontent.com",
              "client_type": 3
            }
          ]
        }
      }
    }
  ],
  "configuration_version": "1"
}